{"cameraMode":{"drawMode":0,"name":"Shaded","section":"Shading Mode"},"sceneLighting":false,"audioPlay":false,"sceneViewState":{"showFog":true,"showMaterialUpdate":false,"showSkybox":false,"showFlares":true,"showImageEffects":true,"showParticleSystems":true},"in2DMode":false,"pivot":{"x":-2.584634304046631,"y":5.677189350128174,"z":5.86961555480957},"rotation":{"x":-0.23211316764354707,"y":-0.5103380084037781,"z":0.1455605924129486,"w":-0.8152661323547363},"size":2.8578836917877199,"orthographic":false}