{"cameraMode":{"drawMode":0,"name":"Shaded","section":"Shading Mode"},"sceneLighting":false,"audioPlay":false,"sceneViewState":{"showFog":true,"showMaterialUpdate":false,"showSkybox":true,"showFlares":true,"showImageEffects":true,"showParticleSystems":true},"in2DMode":false,"pivot":{"x":125.39203643798828,"y":77.35089874267578,"z":157.73736572265626},"rotation":{"x":-0.0002807556593324989,"y":0.5901553630828857,"z":0.002931148512288928,"w":-0.808525800704956},"size":22.0,"orthographic":false}