{"cameraMode":{"drawMode":0,"name":"Shaded","section":"Shading Mode"},"sceneLighting":false,"audioPlay":false,"sceneViewState":{"showFog":true,"showMaterialUpdate":false,"showSkybox":true,"showFlares":true,"showImageEffects":true,"showParticleSystems":true},"in2DMode":false,"pivot":{"x":-380.17218017578127,"y":-288.3113708496094,"z":612.9730834960938},"rotation":{"x":-0.18053333461284638,"y":0.26451054215431216,"z":-0.04727204144001007,"w":-0.9472545385360718},"size":825.2026977539063,"orthographic":false}